[
    {
        "username":"acc1",
        "password":"123456",
        "account": 0
    },
    {
        "username":"acc2",
        "password":"123456",
        "account": 1
    },
    {
        "username":"acc3",
        "password":"123456",
        "account": 2
    },
    {
        "username":"acc4",
        "password":"123456",
        "account": 3
    },
    {
        "username":"acc5",
        "password":"123456",
        "account": 4
    },
    {
        "username":"acc6",
        "password":"123456",
        "account": 5
    },
    {
        "username":"acc7",
        "password":"123456",
        "account": 6
    },
    {
        "username":"acc8",
        "password":"123456",
        "account": 7
    },
    {
        "username":"acc9",
        "password":"123456",
        "account": 8
    },
    {
        "username":"acc10",
        "password":"123456",
        "account": 9
    }
]